{"mini_newsgroups": {"p10": 0, "p20": 0, "p50": 0, "p100": 0, "map": 0}, "alt.atheism": {"p10": 0.9168316831683169, "p20": 0.8673267326732673, "p50": 0.7956435643564357, "p100": 0.7310891089108911, "map": 0.5172430453536131}, "comp.graphics": {"p10": 0.591, "p20": 0.525, "p50": 0.4802, "p100": 0.4395, "map": 0.4223569630118447}, "comp.os.ms-windows.misc": {"p10": 0.6940000000000001, "p20": 0.613, "p50": 0.5488, "p100": 0.5048, "map": 0.4138586312336424}, "comp.sys.ibm.pc.hardware": {"p10": 0.65, "p20": 0.5885, "p50": 0.5058, "p100": 0.4549, "map": 0.3974239513975844}, "comp.sys.mac.hardware": {"p10": 0.69, "p20": 0.6005, "p50": 0.5072, "p100": 0.4632, "map": 0.39035198237358854}, "comp.windows.x": {"p10": 0.6930000000000001, "p20": 0.614, "p50": 0.5542, "p100": 0.5003, "map": 0.383269097619498}, "misc.forsale": {"p10": 0.58, "p20": 0.516, "p50": 0.4788, "p100": 0.4482, "map": 0.38428422304347404}, "rec.autos": {"p10": 0.763, "p20": 0.682, "p50": 0.5906, "p100": 0.5115, "map": 0.3844216995891501}, "rec.motorcycles": {"p10": 0.836, "p20": 0.755, "p50": 0.6532, "p100": 0.5618, "map": 0.3888521730001994}, "rec.sport.baseball": {"p10": 0.837, "p20": 0.786, "p50": 0.6942, "p100": 0.6126, "map": 0.39416827554987466}, "rec.sport.hockey": {"p10": 0.885, "p20": 0.8365, "p50": 0.7808, "p100": 0.7269, "map": 0.408092881032487}, "sci.crypt": {"p10": 0.863, "p20": 0.808, "p50": 0.749, "p100": 0.7101, "map": 0.42083083737153265}, "sci.electronics": {"p10": 0.74, "p20": 0.6165, "p50": 0.4628, "p100": 0.3699, "map": 0.41014676747632356}, "sci.med": {"p10": 0.799, "p20": 0.726, "p50": 0.6546, "p100": 0.5525, "map": 0.4078467024217834}, "sci.space": {"p10": 0.885, "p20": 0.8385, "p50": 0.775, "p100": 0.6808, "map": 0.4121348346371264}, "soc.religion.christian": {"p10": 0.933, "p20": 0.9115, "p50": 0.8934, "p100": 0.8792, "map": 0.4362953671297221}, "talk.politics.guns": {"p10": 0.857, "p20": 0.764, "p50": 0.6712, "p100": 0.6018, "map": 0.4371949155640771}, "talk.politics.mideast": {"p10": 0.944, "p20": 0.9065, "p50": 0.847, "p100": 0.7914, "map": 0.4444673234730105}, "talk.politics.misc": {"p10": 0.836, "p20": 0.7465, "p50": 0.6452, "p100": 0.5765, "map": 0.4419243320224653}, "talk.religion.misc": {"p10": 0.8565656565656565, "p20": 0.7717171717171717, "p50": 0.6668686868686868, "p100": 0.5924242424242424, "map": 0.4413909018912329}}