{"COTIDIANO": {"p10": 0.5691635455680399, "p20": 0.5265293383270911, "p50": 0.4968789013732834, "p100": 0.4740074906367041, "map": 0.38743800237289977}, "EVENTUAL": {"p10": 0.49774718397997497, "p20": 0.4556946182728411, "p50": 0.4284105131414268, "p100": 0.41428035043804756, "map": 0.38040189188540624}, "UNICO": {"p10": 0.6148936170212767, "p20": 0.5822277847309136, "p50": 0.5573967459324155, "p100": 0.5334918648310388, "map": 0.3993200217327482}}