{"COTIDIANO": {"p10": 0.6884827535485769, "p20": 0.6668456277119953, "p50": 0.6547120688387145, "p100": 0.6514664999632271, "map": 0.6214362304571664}, "EVENTUAL": {"p10": 0.46650153338051426, "p20": 0.42906935598018403, "p50": 0.40529370134465675, "p100": 0.39811630101439016, "map": 0.373279971982555}, "UNICO": {"p10": 0.2272294887039239, "p20": 0.17889417360285376, "p50": 0.14316290130796672, "p100": 0.12349583828775268, "map": 0.0628707304500309}}