{"COTIDIANO": {"p10": 0.550936329588015, "p20": 0.5270287141073658, "p50": 0.5040948813982522, "p100": 0.4893882646691636, "map": 0.4027031716837907}, "EVENTUAL": {"p10": 0.46332916145181474, "p20": 0.4326032540675845, "p50": 0.4065081351689612, "p100": 0.39296620775969965, "map": 0.35909269850215414}, "UNICO": {"p10": 0.5387984981226533, "p20": 0.5143929912390488, "p50": 0.48630788485607007, "p100": 0.46759699624530665, "map": 0.41316800737152065}}