{"Extremely Negative": {"p10": 0.27217537942664416, "p20": 0.2653456998313659, "p50": 0.2585497470489039, "p100": 0.24652613827993256, "map": 0.20701630921774997}, "Extremely Positive": {"p10": 0.2921535893155259, "p20": 0.28363939899833057, "p50": 0.2742237061769616, "p100": 0.2643405676126878, "map": 0.21835738981729694}, "Negative": {"p10": 0.2926032660902978, "p20": 0.28856868395773294, "p50": 0.2789048991354467, "p100": 0.27306436119116234, "map": 0.23802976915661747}, "Neutral": {"p10": 0.3058158319870759, "p20": 0.28852988691437803, "p50": 0.2662681744749596, "p100": 0.25232633279483035, "map": 0.2338164165622994}, "Positive": {"p10": 0.30961945031712473, "p20": 0.30502114164904864, "p50": 0.3023255813953488, "p100": 0.2973890063424947, "map": 0.24833888422222422}}