{"Extremely Negative": {"p10": 0.20252951096121416, "p20": 0.21070826306913998, "p50": 0.21780775716694772, "p100": 0.216070826306914, "map": 0.14139379046747855}, "Extremely Positive": {"p10": 0.22904841402337228, "p20": 0.23013355592654425, "p50": 0.228881469115192, "p100": 0.2276627712854758, "map": 0.16659945794265116}, "Negative": {"p10": 0.26906820365033624, "p20": 0.2656099903938521, "p50": 0.2586359269932757, "p100": 0.2568876080691643, "map": 0.23652568349428577}, "Neutral": {"p10": 0.4253634894991922, "p20": 0.3901453957996769, "p50": 0.351437802907916, "p100": 0.32221324717285943, "map": 0.2080266999543273}, "Positive": {"p10": 0.28520084566596193, "p20": 0.28562367864693444, "p50": 0.28788583509513743, "p100": 0.2875158562367865, "map": 0.3413599605481707}}