{"mini_newsgroups": {"p10": 0, "p20": 0, "p50": 0, "p100": 0, "map": 0}, "alt.atheism": {"p10": 0.2693069306930693, "p20": 0.22871287128712872, "p50": 0.20752475247524754, "p100": 0.22732673267326733, "map": 0.13872204215413161}, "comp.graphics": {"p10": 0.637, "p20": 0.4815, "p50": 0.2848, "p100": 0.1993, "map": 0.12062470621380944}, "comp.os.ms-windows.misc": {"p10": 0.099, "p20": 0.0905, "p50": 0.1116, "p100": 0.1444, "map": 0.1208102824918202}, "comp.sys.ibm.pc.hardware": {"p10": 0.192, "p20": 0.148, "p50": 0.1186, "p100": 0.1296, "map": 0.11586956376961378}, "comp.sys.mac.hardware": {"p10": 0.254, "p20": 0.1785, "p50": 0.1084, "p100": 0.1008, "map": 0.11171776062451794}, "comp.windows.x": {"p10": 0.52, "p20": 0.43, "p50": 0.3282, "p100": 0.2373, "map": 0.11198343272879199}, "misc.forsale": {"p10": 0.139, "p20": 0.10200000000000001, "p50": 0.0724, "p100": 0.072, "map": 0.11086065937306179}, "rec.autos": {"p10": 0.189, "p20": 0.1535, "p50": 0.1334, "p100": 0.1442, "map": 0.11028395162399673}, "rec.motorcycles": {"p10": 0.225, "p20": 0.169, "p50": 0.1332, "p100": 0.132, "map": 0.10925562426300504}, "rec.sport.baseball": {"p10": 0.186, "p20": 0.154, "p50": 0.1386, "p100": 0.152, "map": 0.11037347258379997}, "rec.sport.hockey": {"p10": 0.358, "p20": 0.303, "p50": 0.2536, "p100": 0.2575, "map": 0.11669318722960337}, "sci.crypt": {"p10": 0.387, "p20": 0.334, "p50": 0.291, "p100": 0.2958, "map": 0.12337708996633637}, "sci.electronics": {"p10": 0.212, "p20": 0.147, "p50": 0.0934, "p100": 0.0832, "map": 0.11964407042123824}, "sci.med": {"p10": 0.307, "p20": 0.2455, "p50": 0.223, "p100": 0.2238, "map": 0.11842285452127001}, "sci.space": {"p10": 0.362, "p20": 0.3005, "p50": 0.2592, "p100": 0.262, "map": 0.11984441798135329}, "soc.religion.christian": {"p10": 0.306, "p20": 0.2975, "p50": 0.2846, "p100": 0.31, "map": 0.13632110027268088}, "talk.politics.guns": {"p10": 0.20500000000000002, "p20": 0.184, "p50": 0.1634, "p100": 0.1756, "map": 0.1365211852841491}, "talk.politics.mideast": {"p10": 0.615, "p20": 0.539, "p50": 0.46, "p100": 0.451, "map": 0.14153579921109932}, "talk.politics.misc": {"p10": 0.382, "p20": 0.3565, "p50": 0.3028, "p100": 0.2807, "map": 0.14112085708595615}, "talk.religion.misc": {"p10": 0.16565656565656567, "p20": 0.15454545454545454, "p50": 0.13595959595959597, "p100": 0.15141414141414142, "map": 0.13998034718200594}}