{
    "mini_newsgroups": {
        "p10": 0,
        "p20": 0,
        "p50": 0,
        "p100": 0
    },
    "alt.atheism": {
        "p10": 0.2891089108910891,
        "p20": 0.249009900990099,
        "p50": 0.2297029702970297,
        "p100": 0.24267326732673267
    },
    "comp.graphics": {
        "p10": 0.635,
        "p20": 0.486,
        "p50": 0.2936,
        "p100": 0.2072
    },
    "comp.os.ms-windows.misc": {
        "p10": 0.124,
        "p20": 0.114,
        "p50": 0.12480000000000001,
        "p100": 0.1576
    },
    "comp.sys.ibm.pc.hardware": {
        "p10": 0.23,
        "p20": 0.168,
        "p50": 0.1398,
        "p100": 0.14980000000000002
    },
    "comp.sys.mac.hardware": {
        "p10": 0.28400000000000003,
        "p20": 0.1915,
        "p50": 0.1206,
        "p100": 0.1139
    },
    "comp.windows.x": {
        "p10": 0.544,
        "p20": 0.4515,
        "p50": 0.3318,
        "p100": 0.2507
    },
    "misc.forsale": {
        "p10": 0.167,
        "p20": 0.114,
        "p50": 0.0838,
        "p100": 0.0857
    },
    "rec.autos": {
        "p10": 0.237,
        "p20": 0.1825,
        "p50": 0.1562,
        "p100": 0.1644
    },
    "rec.motorcycles": {
        "p10": 0.256,
        "p20": 0.1895,
        "p50": 0.1538,
        "p100": 0.1418
    },
    "rec.sport.baseball": {
        "p10": 0.209,
        "p20": 0.17400000000000002,
        "p50": 0.1588,
        "p100": 0.1666
    },
    "rec.sport.hockey": {
        "p10": 0.401,
        "p20": 0.331,
        "p50": 0.277,
        "p100": 0.2762
    },
    "sci.crypt": {
        "p10": 0.408,
        "p20": 0.35,
        "p50": 0.3066,
        "p100": 0.3031
    },
    "sci.electronics": {
        "p10": 0.234,
        "p20": 0.166,
        "p50": 0.105,
        "p100": 0.093
    },
    "sci.med": {
        "p10": 0.328,
        "p20": 0.2785,
        "p50": 0.2454,
        "p100": 0.2362
    },
    "sci.space": {
        "p10": 0.40700000000000003,
        "p20": 0.3265,
        "p50": 0.2836,
        "p100": 0.2808
    },
    "soc.religion.christian": {
        "p10": 0.334,
        "p20": 0.304,
        "p50": 0.297,
        "p100": 0.3205
    },
    "talk.politics.guns": {
        "p10": 0.244,
        "p20": 0.2125,
        "p50": 0.1916,
        "p100": 0.19970000000000002
    },
    "talk.politics.mideast": {
        "p10": 0.644,
        "p20": 0.573,
        "p50": 0.5032,
        "p100": 0.4852
    },
    "talk.politics.misc": {
        "p10": 0.417,
        "p20": 0.392,
        "p50": 0.3304,
        "p100": 0.2994
    },
    "talk.religion.misc": {
        "p10": 0.20606060606060606,
        "p20": 0.1782828282828283,
        "p50": 0.15232323232323233,
        "p100": 0.16303030303030303
    }
}