{"mini_newsgroups": {"p10": 0, "p20": 0, "p50": 0, "p100": 0, "map": 0}, "alt.atheism": {"p10": 0.22871287128712872, "p20": 0.18861386138613861, "p50": 0.1603960396039604, "p100": 0.15603960396039604, "map": 0.10091128236298608}, "comp.graphics": {"p10": 0.599, "p20": 0.451, "p50": 0.2762, "p100": 0.19190000000000002, "map": 0.09263055014872107}, "comp.os.ms-windows.misc": {"p10": 0.059000000000000004, "p20": 0.0555, "p50": 0.09960000000000001, "p100": 0.1261, "map": 0.09392315555774028}, "comp.sys.ibm.pc.hardware": {"p10": 0.195, "p20": 0.1535, "p50": 0.1338, "p100": 0.1361, "map": 0.09232171491029216}, "comp.sys.mac.hardware": {"p10": 0.223, "p20": 0.1585, "p50": 0.0998, "p100": 0.0886, "map": 0.08854769979365872}, "comp.windows.x": {"p10": 0.496, "p20": 0.417, "p50": 0.3214, "p100": 0.2284, "map": 0.08917122818034229}, "misc.forsale": {"p10": 0.084, "p20": 0.0805, "p50": 0.0586, "p100": 0.0611, "map": 0.0864431403336457}, "rec.autos": {"p10": 0.209, "p20": 0.159, "p50": 0.1302, "p100": 0.1372, "map": 0.08745434371743054}, "rec.motorcycles": {"p10": 0.154, "p20": 0.11750000000000001, "p50": 0.0956, "p100": 0.099, "map": 0.08654962724064451}, "rec.sport.baseball": {"p10": 0.161, "p20": 0.1325, "p50": 0.1282, "p100": 0.1424, "map": 0.08718837776595982}, "rec.sport.hockey": {"p10": 0.361, "p20": 0.3005, "p50": 0.2636, "p100": 0.2651, "map": 0.09317450607624599}, "sci.crypt": {"p10": 0.376, "p20": 0.327, "p50": 0.267, "p100": 0.2556, "map": 0.09696112011882486}, "sci.electronics": {"p10": 0.166, "p20": 0.124, "p50": 0.0834, "p100": 0.0725, "map": 0.09415974741222206}, "sci.med": {"p10": 0.306, "p20": 0.247, "p50": 0.208, "p100": 0.2037, "map": 0.09341744889333155}, "sci.space": {"p10": 0.357, "p20": 0.2765, "p50": 0.221, "p100": 0.2081, "map": 0.09347775891457631}, "soc.religion.christian": {"p10": 0.257, "p20": 0.245, "p50": 0.233, "p100": 0.2276, "map": 0.0972983992308027}, "talk.politics.guns": {"p10": 0.222, "p20": 0.179, "p50": 0.1602, "p100": 0.1663, "map": 0.09808666645685458}, "talk.politics.mideast": {"p10": 0.601, "p20": 0.539, "p50": 0.4622, "p100": 0.4364, "map": 0.10370219355155384}, "talk.politics.misc": {"p10": 0.395, "p20": 0.3685, "p50": 0.3022, "p100": 0.2525, "map": 0.10394207176454318}, "talk.religion.misc": {"p10": 0.17474747474747476, "p20": 0.14444444444444446, "p50": 0.12666666666666668, "p100": 0.13070707070707072, "map": 0.10323830605823985}}