{
    "mini_newsgroups": {
        "p10": 0,
        "p20": 0,
        "p50": 0,
        "p100": 0
    },
    "alt.atheism": {
        "p10": 0.2693069306930693,
        "p20": 0.22871287128712872,
        "p50": 0.20752475247524754,
        "p100": 0.22732673267326733
    },
    "comp.graphics": {
        "p10": 0.637,
        "p20": 0.4815,
        "p50": 0.2846,
        "p100": 0.1994
    },
    "comp.os.ms-windows.misc": {
        "p10": 0.099,
        "p20": 0.0905,
        "p50": 0.1116,
        "p100": 0.1444
    },
    "comp.sys.ibm.pc.hardware": {
        "p10": 0.192,
        "p20": 0.148,
        "p50": 0.1186,
        "p100": 0.1296
    },
    "comp.sys.mac.hardware": {
        "p10": 0.254,
        "p20": 0.1785,
        "p50": 0.1084,
        "p100": 0.1008
    },
    "comp.windows.x": {
        "p10": 0.52,
        "p20": 0.43,
        "p50": 0.3282,
        "p100": 0.2373
    },
    "misc.forsale": {
        "p10": 0.139,
        "p20": 0.10200000000000001,
        "p50": 0.0724,
        "p100": 0.072
    },
    "rec.autos": {
        "p10": 0.189,
        "p20": 0.154,
        "p50": 0.1334,
        "p100": 0.1442
    },
    "rec.motorcycles": {
        "p10": 0.225,
        "p20": 0.169,
        "p50": 0.1332,
        "p100": 0.132
    },
    "rec.sport.baseball": {
        "p10": 0.186,
        "p20": 0.154,
        "p50": 0.1386,
        "p100": 0.1521
    },
    "rec.sport.hockey": {
        "p10": 0.358,
        "p20": 0.303,
        "p50": 0.2536,
        "p100": 0.2577
    },
    "sci.crypt": {
        "p10": 0.387,
        "p20": 0.334,
        "p50": 0.291,
        "p100": 0.2958
    },
    "sci.electronics": {
        "p10": 0.212,
        "p20": 0.147,
        "p50": 0.0934,
        "p100": 0.0832
    },
    "sci.med": {
        "p10": 0.307,
        "p20": 0.2455,
        "p50": 0.223,
        "p100": 0.2238
    },
    "sci.space": {
        "p10": 0.362,
        "p20": 0.3005,
        "p50": 0.2592,
        "p100": 0.262
    },
    "soc.religion.christian": {
        "p10": 0.306,
        "p20": 0.2975,
        "p50": 0.2846,
        "p100": 0.31
    },
    "talk.politics.guns": {
        "p10": 0.20500000000000002,
        "p20": 0.184,
        "p50": 0.1634,
        "p100": 0.1756
    },
    "talk.politics.mideast": {
        "p10": 0.615,
        "p20": 0.539,
        "p50": 0.46,
        "p100": 0.451
    },
    "talk.politics.misc": {
        "p10": 0.382,
        "p20": 0.3565,
        "p50": 0.3028,
        "p100": 0.2807
    },
    "talk.religion.misc": {
        "p10": 0.16565656565656567,
        "p20": 0.15454545454545454,
        "p50": 0.13616161616161615,
        "p100": 0.15131313131313132
    }
}