{"mini_newsgroups": {"p10": 0, "p20": 0, "p50": 0, "p100": 0, "map": 0}, "alt.atheism": {"p10": 0.7188118811881188, "p20": 0.657920792079208, "p50": 0.5792079207920792, "p100": 0.4873267326732673, "map": 0.22119225647265803}, "comp.graphics": {"p10": 0.505, "p20": 0.441, "p50": 0.412, "p100": 0.3898, "map": 0.19187835679356377}, "comp.os.ms-windows.misc": {"p10": 0.675, "p20": 0.6115, "p50": 0.5736, "p100": 0.5822, "map": 0.4248298080553348}, "comp.sys.ibm.pc.hardware": {"p10": 0.55, "p20": 0.452, "p50": 0.3778, "p100": 0.3629, "map": 0.24468762317678025}, "comp.sys.mac.hardware": {"p10": 0.601, "p20": 0.505, "p50": 0.436, "p100": 0.4139, "map": 0.2860355930567415}, "comp.windows.x": {"p10": 0.543, "p20": 0.4675, "p50": 0.3898, "p100": 0.3479, "map": 0.15858726830745754}, "misc.forsale": {"p10": 0.477, "p20": 0.409, "p50": 0.3898, "p100": 0.3967, "map": 0.3125999886875747}, "rec.autos": {"p10": 0.633, "p20": 0.5425, "p50": 0.45, "p100": 0.4123, "map": 0.23774160636255212}, "rec.motorcycles": {"p10": 0.726, "p20": 0.618, "p50": 0.4784, "p100": 0.4071, "map": 0.2050944791326688}, "rec.sport.baseball": {"p10": 0.697, "p20": 0.601, "p50": 0.4908, "p100": 0.4374, "map": 0.2607734602056635}, "rec.sport.hockey": {"p10": 0.793, "p20": 0.707, "p50": 0.6058, "p100": 0.5508, "map": 0.3400914807199383}, "sci.crypt": {"p10": 0.779, "p20": 0.7155, "p50": 0.6942, "p100": 0.6829, "map": 0.4583942683654499}, "sci.electronics": {"p10": 0.613, "p20": 0.4825, "p50": 0.3474, "p100": 0.2621, "map": 0.1183330372155829}, "sci.med": {"p10": 0.704, "p20": 0.6275, "p50": 0.542, "p100": 0.4688, "map": 0.19415089949252062}, "sci.space": {"p10": 0.823, "p20": 0.7565, "p50": 0.6786, "p100": 0.6333, "map": 0.370251710019729}, "soc.religion.christian": {"p10": 0.941, "p20": 0.9345, "p50": 0.9268, "p100": 0.9221, "map": 0.8777138986692645}, "talk.politics.guns": {"p10": 0.761, "p20": 0.652, "p50": 0.5456, "p100": 0.48210000000000003, "map": 0.29027152271117884}, "talk.politics.mideast": {"p10": 0.88, "p20": 0.843, "p50": 0.7832, "p100": 0.7359, "map": 0.3839401180873153}, "talk.politics.misc": {"p10": 0.607, "p20": 0.53, "p50": 0.4686, "p100": 0.4371, "map": 0.25368797810759336}, "talk.religion.misc": {"p10": 0.5797979797979798, "p20": 0.5075757575757576, "p50": 0.4193939393939394, "p100": 0.37454545454545457, "map": 0.24302345931616046}}