{"mini_newsgroups": {"p10": 0, "p20": 0, "p50": 0, "p100": 0, "map": 0}, "alt.atheism": {"p10": 0.5544554455445545, "p20": 0.45643564356435645, "p50": 0.32613861386138615, "p100": 0.24544554455445544, "map": 0.21807444032814935}, "comp.graphics": {"p10": 0.462, "p20": 0.406, "p50": 0.3078, "p100": 0.2468, "map": 0.21226083129079779}, "comp.os.ms-windows.misc": {"p10": 0.414, "p20": 0.3625, "p50": 0.3106, "p100": 0.2679, "map": 0.22621798437572277}, "comp.sys.ibm.pc.hardware": {"p10": 0.407, "p20": 0.348, "p50": 0.2934, "p100": 0.2353, "map": 0.1990277891161969}, "comp.sys.mac.hardware": {"p10": 0.457, "p20": 0.3795, "p50": 0.3118, "p100": 0.261, "map": 0.21909450363351446}, "comp.windows.x": {"p10": 0.465, "p20": 0.366, "p50": 0.2798, "p100": 0.222, "map": 0.18900336733467307}, "misc.forsale": {"p10": 0.331, "p20": 0.293, "p50": 0.2878, "p100": 0.26890000000000003, "map": 0.22954135043508944}, "rec.autos": {"p10": 0.449, "p20": 0.331, "p50": 0.23500000000000001, "p100": 0.1889, "map": 0.17260046592474784}, "rec.motorcycles": {"p10": 0.564, "p20": 0.4625, "p50": 0.37020000000000003, "p100": 0.2983, "map": 0.2652015644132165}, "rec.sport.baseball": {"p10": 0.581, "p20": 0.464, "p50": 0.3612, "p100": 0.301, "map": 0.2619553709807315}, "rec.sport.hockey": {"p10": 0.684, "p20": 0.633, "p50": 0.5334, "p100": 0.4136, "map": 0.3759965546837419}, "sci.crypt": {"p10": 0.694, "p20": 0.6365, "p50": 0.5288, "p100": 0.4105, "map": 0.3835561301151524}, "sci.electronics": {"p10": 0.398, "p20": 0.3015, "p50": 0.2252, "p100": 0.1831, "map": 0.1596147366792327}, "sci.med": {"p10": 0.611, "p20": 0.498, "p50": 0.349, "p100": 0.2595, "map": 0.23309287625764857}, "sci.space": {"p10": 0.702, "p20": 0.598, "p50": 0.4496, "p100": 0.335, "map": 0.30744231590699306}, "soc.religion.christian": {"p10": 0.878, "p20": 0.8575, "p50": 0.827, "p100": 0.7387, "map": 0.7410191878798038}, "talk.politics.guns": {"p10": 0.519, "p20": 0.4525, "p50": 0.3696, "p100": 0.303, "map": 0.25855452986329236}, "talk.politics.mideast": {"p10": 0.771, "p20": 0.694, "p50": 0.4748, "p100": 0.3252, "map": 0.31018619118452534}, "talk.politics.misc": {"p10": 0.459, "p20": 0.3825, "p50": 0.277, "p100": 0.21330000000000002, "map": 0.18342831829226716}, "talk.religion.misc": {"p10": 0.4484848484848485, "p20": 0.36818181818181817, "p50": 0.2773737373737374, "p100": 0.21636363636363637, "map": 0.1853496356572892}}