{"mini_newsgroups": {"p10": 0, "p20": 0, "p50": 0, "p100": 0, "map": 0}, "alt.atheism": {"p10": 0.907920792079208, "p20": 0.8514851485148515, "p50": 0.7803960396039604, "p100": 0.7288118811881188, "map": 0.5190474618373421}, "comp.graphics": {"p10": 0.515, "p20": 0.433, "p50": 0.3998, "p100": 0.3756, "map": 0.40771429986613905}, "comp.os.ms-windows.misc": {"p10": 0.644, "p20": 0.5585, "p50": 0.5062, "p100": 0.4765, "map": 0.40346701283654707}, "comp.sys.ibm.pc.hardware": {"p10": 0.582, "p20": 0.4815, "p50": 0.4122, "p100": 0.3827, "map": 0.38080905134878906}, "comp.sys.mac.hardware": {"p10": 0.657, "p20": 0.5535, "p50": 0.4468, "p100": 0.4104, "map": 0.37188495863300536}, "comp.windows.x": {"p10": 0.63, "p20": 0.567, "p50": 0.5318, "p100": 0.4945, "map": 0.36934506444719634}, "misc.forsale": {"p10": 0.498, "p20": 0.419, "p50": 0.4052, "p100": 0.3956, "map": 0.3707311977966054}, "rec.autos": {"p10": 0.684, "p20": 0.565, "p50": 0.4766, "p100": 0.421, "map": 0.36641164770841034}, "rec.motorcycles": {"p10": 0.794, "p20": 0.6869999999999999, "p50": 0.5604, "p100": 0.4756, "map": 0.36771985577935273}, "rec.sport.baseball": {"p10": 0.772, "p20": 0.69, "p50": 0.5708, "p100": 0.5024, "map": 0.37024247164828256}, "rec.sport.hockey": {"p10": 0.85, "p20": 0.75, "p50": 0.6488, "p100": 0.6082, "map": 0.3824896141295457}, "sci.crypt": {"p10": 0.839, "p20": 0.778, "p50": 0.7312, "p100": 0.6988, "map": 0.3982623668308567}, "sci.electronics": {"p10": 0.697, "p20": 0.5665, "p50": 0.4098, "p100": 0.3243, "map": 0.38788837275267285}, "sci.med": {"p10": 0.727, "p20": 0.6465, "p50": 0.5558, "p100": 0.466, "map": 0.3839313400206617}, "sci.space": {"p10": 0.87, "p20": 0.8025, "p50": 0.739, "p100": 0.6699, "map": 0.3904843903319833}, "soc.religion.christian": {"p10": 0.954, "p20": 0.948, "p50": 0.9488, "p100": 0.9459, "map": 0.42309401409446923}, "talk.politics.guns": {"p10": 0.828, "p20": 0.736, "p50": 0.6516, "p100": 0.5884, "map": 0.42431047361299773}, "talk.politics.mideast": {"p10": 0.935, "p20": 0.891, "p50": 0.8152, "p100": 0.752, "map": 0.4313883117126127}, "talk.politics.misc": {"p10": 0.824, "p20": 0.7494999999999999, "p50": 0.6392, "p100": 0.5695, "map": 0.4305456332697522}, "talk.religion.misc": {"p10": 0.8686868686868687, "p20": 0.7848484848484848, "p50": 0.6731313131313131, "p100": 0.6102020202020202, "map": 0.4320908337878194}}